work_item_id,github_url
1,https://github.com/davidcantidio/npbb/issues/525
2,https://github.com/davidcantidio/npbb/issues/526
3,https://github.com/davidcantidio/npbb/issues/527
4,https://github.com/davidcantidio/npbb/issues/528
5,https://github.com/davidcantidio/npbb/issues/529
6,https://github.com/davidcantidio/npbb/issues/530
7,https://github.com/davidcantidio/npbb/issues/531
8,https://github.com/davidcantidio/npbb/issues/532
9,https://github.com/davidcantidio/npbb/issues/533
10,https://github.com/davidcantidio/npbb/issues/534
11,https://github.com/davidcantidio/npbb/issues/535
12,https://github.com/davidcantidio/npbb/issues/536
13,https://github.com/davidcantidio/npbb/issues/537
14,https://github.com/davidcantidio/npbb/issues/538
15,https://github.com/davidcantidio/npbb/issues/539
16,https://github.com/davidcantidio/npbb/issues/540
17,https://github.com/davidcantidio/npbb/issues/541
18,https://github.com/davidcantidio/npbb/issues/542
19,https://github.com/davidcantidio/npbb/issues/543
20,https://github.com/davidcantidio/npbb/issues/544
21,https://github.com/davidcantidio/npbb/issues/545
22,https://github.com/davidcantidio/npbb/issues/546
23,https://github.com/davidcantidio/npbb/issues/547
24,https://github.com/davidcantidio/npbb/issues/548
25,https://github.com/davidcantidio/npbb/issues/549
26,https://github.com/davidcantidio/npbb/issues/550
27,https://github.com/davidcantidio/npbb/issues/551
28,https://github.com/davidcantidio/npbb/issues/552
29,https://github.com/davidcantidio/npbb/issues/553
30,https://github.com/davidcantidio/npbb/issues/554
31,https://github.com/davidcantidio/npbb/issues/555
32,https://github.com/davidcantidio/npbb/issues/556
33,https://github.com/davidcantidio/npbb/issues/557
34,https://github.com/davidcantidio/npbb/issues/558
35,https://github.com/davidcantidio/npbb/issues/559
36,https://github.com/davidcantidio/npbb/issues/560
37,https://github.com/davidcantidio/npbb/issues/561
38,https://github.com/davidcantidio/npbb/issues/562
39,https://github.com/davidcantidio/npbb/issues/563
40,https://github.com/davidcantidio/npbb/issues/564
41,https://github.com/davidcantidio/npbb/issues/565
42,https://github.com/davidcantidio/npbb/issues/566
43,https://github.com/davidcantidio/npbb/issues/567
44,https://github.com/davidcantidio/npbb/issues/568
45,https://github.com/davidcantidio/npbb/issues/569
46,https://github.com/davidcantidio/npbb/issues/570
47,https://github.com/davidcantidio/npbb/issues/571
48,https://github.com/davidcantidio/npbb/issues/572
49,https://github.com/davidcantidio/npbb/issues/573
50,https://github.com/davidcantidio/npbb/issues/574
51,https://github.com/davidcantidio/npbb/issues/575
52,https://github.com/davidcantidio/npbb/issues/576
53,https://github.com/davidcantidio/npbb/issues/577
54,https://github.com/davidcantidio/npbb/issues/578
55,https://github.com/davidcantidio/npbb/issues/579
56,https://github.com/davidcantidio/npbb/issues/580
57,https://github.com/davidcantidio/npbb/issues/581
58,https://github.com/davidcantidio/npbb/issues/582
59,https://github.com/davidcantidio/npbb/issues/583
60,https://github.com/davidcantidio/npbb/issues/584
61,https://github.com/davidcantidio/npbb/issues/585
62,https://github.com/davidcantidio/npbb/issues/586
63,https://github.com/davidcantidio/npbb/issues/587
64,https://github.com/davidcantidio/npbb/issues/588
65,https://github.com/davidcantidio/npbb/issues/589
66,https://github.com/davidcantidio/npbb/issues/590
67,https://github.com/davidcantidio/npbb/issues/591
68,https://github.com/davidcantidio/npbb/issues/592
69,https://github.com/davidcantidio/npbb/issues/593
70,https://github.com/davidcantidio/npbb/issues/594
71,https://github.com/davidcantidio/npbb/issues/595
72,https://github.com/davidcantidio/npbb/issues/596
73,https://github.com/davidcantidio/npbb/issues/597
74,https://github.com/davidcantidio/npbb/issues/598
75,https://github.com/davidcantidio/npbb/issues/599
76,https://github.com/davidcantidio/npbb/issues/600
77,https://github.com/davidcantidio/npbb/issues/601
78,https://github.com/davidcantidio/npbb/issues/602
79,https://github.com/davidcantidio/npbb/issues/603
80,https://github.com/davidcantidio/npbb/issues/604
81,https://github.com/davidcantidio/npbb/issues/605
82,https://github.com/davidcantidio/npbb/issues/606
83,https://github.com/davidcantidio/npbb/issues/607
84,https://github.com/davidcantidio/npbb/issues/608
85,https://github.com/davidcantidio/npbb/issues/609
86,https://github.com/davidcantidio/npbb/issues/610
87,https://github.com/davidcantidio/npbb/issues/611
88,https://github.com/davidcantidio/npbb/issues/612
89,https://github.com/davidcantidio/npbb/issues/613
90,https://github.com/davidcantidio/npbb/issues/614
91,https://github.com/davidcantidio/npbb/issues/615
92,https://github.com/davidcantidio/npbb/issues/616
93,https://github.com/davidcantidio/npbb/issues/617
94,https://github.com/davidcantidio/npbb/issues/618
95,https://github.com/davidcantidio/npbb/issues/619
96,https://github.com/davidcantidio/npbb/issues/620
97,https://github.com/davidcantidio/npbb/issues/621
98,https://github.com/davidcantidio/npbb/issues/622
99,https://github.com/davidcantidio/npbb/issues/623
100,https://github.com/davidcantidio/npbb/issues/624
101,https://github.com/davidcantidio/npbb/issues/625
102,https://github.com/davidcantidio/npbb/issues/626
103,https://github.com/davidcantidio/npbb/issues/627
104,https://github.com/davidcantidio/npbb/issues/628
105,https://github.com/davidcantidio/npbb/issues/629
106,https://github.com/davidcantidio/npbb/issues/630
107,https://github.com/davidcantidio/npbb/issues/631
108,https://github.com/davidcantidio/npbb/issues/632
109,https://github.com/davidcantidio/npbb/issues/633
110,https://github.com/davidcantidio/npbb/issues/634
111,https://github.com/davidcantidio/npbb/issues/635
112,https://github.com/davidcantidio/npbb/issues/636
